Feature,Impact ($)
smoker,23651.128855761253
children,425.2787835242934
bmi,337.0925519487791
age,256.9757058311942
sex,-18.591691641035993
region_northwest,-370.6773262277898
region_southeast,-657.8642965646405
region_southwest,-809.7993541824902
