Metric,Value
R² Score,0.7835929767120724
RMSE,5796.284659276272
MAE,4181.194473753647
Explained Variance,78.35929767120724
Accuracy within 20%,33.95522388059701
